name,x,y,z
p_spine,1234.6,1085.9,6.0714
n_spine,0.99385,-0.11077,-0.00063989
p_gut,768.6,1047.9,23.307
n_gut,-0.98599,0.16678,0.00031213
p_plane_spine,-41002,-3.5693e+05,-1.8954e+06
n_plane_spine,1.9335,16.831,89.377
p_plane_gut,-65111,-3.8007e+05,-2.5982e+06
n_plane_gut,2.8863,16.848,115.18
p_plane,-52734,-3.6849e+05,-2.2381e+06
n_plane,2.4099,16.84,102.28
p,1448.9,932.83,23.091
